"Time","Z"
1773212039000,4741813
1773212039010,1167196
1773212039020,-3471569
1773212039030,-4875690
1773212039040,-1738868
1773212039050,3029634
1773212039060,5000194
1773212039070,2344854
1773212039080,-2472417
1773212039090,-4976401
1773212039100,-2853126
1773212039110,1940716
1773212039120,4941648
1773212039130,3375074
1773212039140,-1315362
1773212039150,-4758780
1773212039160,-3780456
1773212039170,735093
1773212039180,4575652
1773212039190,4191095
1773212039200,-80003
1773212039210,-4249801
1773212039220,-4472935
1773212039230,-516422
1773212039240,3925582
1773212039250,4747171
1773212039260,1168468
1773212039270,-3467565
1773212039280,-4878412
1773212039290,-1736382
1773212039300,3030569
1773212039310,5004296
1773212039320,2342256
1773212039330,-2472137
1773212039340,-4979725
1773212039350,-2848895
1773212039360,1943292
1773212039370,4946432
1773212039380,3371144
1773212039390,-1317983
1773212039400,-4764661
1773212039410,-3778848
1773212039420,734682
1773212039430,4579115
1773212039440,4191190
1773212039450,-76639
1773212039460,-4250405
1773212039470,-4469741
1773212039480,-519302
1773212039490,3925687
1773212039500,4743914
1773212039510,1168743
1773212039520,-3471012
1773212039530,-4876188
1773212039540,-1739595
1773212039550,3030167
1773212039560,5002020
1773212039570,2346777
1773212039580,-2471715
1773212039590,-4976647
1773212039600,-2851822
1773212039610,1944758
1773212039620,4945898
1773212039630,3376493
1773212039640,-1317952
1773212039650,-4763449
1773212039660,-3782733
1773212039670,735875
1773212039680,4577397
1773212039690,4194373
1773212039700,-78424
1773212039710,-4249315
1773212039720,-4472217
1773212039730,-515524
1773212039740,3927509
1773212039750,4748904
1773212039760,1167725
1773212039770,-3470232
1773212039780,-4880623
1773212039790,-1736976
1773212039800,3029919
1773212039810,5003771
1773212039820,2340680
1773212039830,-2474954
1773212039840,-4980842
1773212039850,-2848276
1773212039860,1945417
1773212039870,4950079
1773212039880,3375577
1773212039890,-1315792
1773212039900,-4765834
1773212039910,-3781478
1773212039920,734324
1773212039930,4580215
1773212039940,4191535
1773212039950,-77817
1773212039960,-4252273
1773212039970,-4471844
1773212039980,-520238
1773212039990,3926713
1773212040000,4745257
1773212040010,1170297
1773212040020,-3470106
1773212040030,-4877015
1773212040040,-1739176
1773212040050,3031249
1773212040060,5003415
1773212040070,2346161
1773212040080,-2473167
1773212040090,-4977626
1773212040100,-2851379
1773212040110,1945525
1773212040120,4945762
1773212040130,3375451
1773212040140,-1319862
1773212040150,-4764517
1773212040160,-3783194
1773212040170,737478
1773212040180,4579276
1773212040190,4194434
1773212040200,-79378
1773212040210,-4250679
1773212040220,-4473294
1773212040230,-516208
1773212040240,3927770
1773212040250,4749617
1773212040260,1167467
1773212040270,-3472033
1773212040280,-4882253
1773212040290,-1736785
1773212040300,3032202
1773212040310,5007071
1773212040320,2342777
1773212040330,-2474564
1773212040340,-4982583
1773212040350,-2849419
1773212040360,1943880
1773212040370,4947154
1773212040380,3372150
1773212040390,-1318875
1773212040400,-4766982
1773212040410,-3780771
1773212040420,736835
1773212040430,4582704
1773212040440,4193075
1773212040450,-78250
1773212040460,-4253536
1773212040470,-4470744
1773212040480,-516689
1773212040490,3931214
1773212040500,4748282
1773212040510,1168194
1773212040520,-3475821
1773212040530,-4882306
1773212040540,-1742131
1773212040550,3031508
1773212040560,5005221
1773212040570,2347292
1773212040580,-2474569
1773212040590,-4979644
1773212040600,-2852212
1773212040610,1945668
1773212040620,4947258
1773212040630,3376927
1773212040640,-1317716
1773212040650,-4763771
1773212040660,-3784301
1773212040670,735183
1773212040680,4578048
1773212040690,4194470
1773212040700,-79689
1773212040710,-4252062
1773212040720,-4474888
1773212040730,-516080
1773212040740,3928210
1773212040750,4749464
1773212040760,1166831
1773212040770,-3471886
1773212040780,-4882028
1773212040790,-1735750
1773212040800,3033552
1773212040810,5007214
1773212040820,2342719
1773212040830,-2475338
1773212040840,-4983854
1773212040850,-2851885
1773212040860,1942845
1773212040870,4948869
1773212040880,3374501
1773212040890,-1316726
1773212040900,-4765570
1773212040910,-3779612
1773212040920,736011
1773212040930,4580687
1773212040940,4190549
1773212040950,-80354
1773212040960,-4254433
1773212040970,-4472276
1773212040980,-517441
1773212040990,3930550
1773212041000,4748366
1773212041010,1171113
1773212041020,-3472055
1773212041030,-4881147
1773212041040,-1742690
1773212041050,3030752
1773212041060,5004330
1773212041070,2346765
1773212041080,-2474155
1773212041090,-4979319
1773212041100,-2851637
1773212041110,1946450
1773212041120,4947365
1773212041130,3376171
1773212041140,-1320324
1773212041150,-4767291
1773212041160,-3785681
1773212041170,737359
1773212041180,4579916
1773212041190,4194090
1773212041200,-81039
1773212041210,-4252218
1773212041220,-4473666
1773212041230,-515892
1773212041240,3928109
1773212041250,4749339
1773212041260,1166060
1773212041270,-3473457
1773212041280,-4883976
1773212041290,-1736708
1773212041300,3033702
1773212041310,5009416
1773212041320,2344732
1773212041330,-2474787
1773212041340,-4983818
1773212041350,-2851979
1773212041360,1943387
1773212041370,4949089
1773212041380,3373167
1773212041390,-1318831
1773212041400,-4767346
1773212041410,-3780804
1773212041420,736188
1773212041430,4580985
1773212041440,4190385
1773212041450,-80381
1773212041460,-4254473
1773212041470,-4470599
1773212041480,-515004
1773212041490,3932572
1773212041500,4748681
1773212041510,1168313
1773212041520,-3475988
1773212041530,-4882707
1773212041540,-1740494
1773212041550,3033318
1773212041560,5005221
1773212041570,2344853
1773212041580,-2476980
1773212041590,-4981751
1773212041600,-2853127
1773212041610,1948067
1773212041620,4950151
1773212041630,3377654
1773212041640,-1320300
1773212041650,-4767999
1773212041660,-3785849
1773212041670,738810
1773212041680,4582133
1773212041690,4196082
1773212041700,-81157
1773212041710,-4254302
1773212041720,-4475818
1773212041730,-514781
1773212041740,3931067
1773212041750,4752356
1773212041760,1168146
1773212041770,-3473194
1773212041780,-4885682
1773212041790,-1739411
1773212041800,3030661
1773212041810,5005546
1773212041820,2341736
1773212041830,-2475925
1773212041840,-4982462
1773212041850,-2848860
1773212041860,1945488
1773212041870,4949379
1773212041880,3372386
1773212041890,-1320470
1773212041900,-4769699
1773212041910,-3781815
1773212041920,737817
1773212041930,4584425
1773212041940,4194274
1773212041950,-78340
1773212041960,-4255117
1773212041970,-4473287
1773212041980,-518243
1773212041990,3930003
1773212042000,4746315
1773212042010,1168062
1773212042020,-3474448
1773212042030,-4881264
1773212042040,-1739760
1773212042050,3033424
1773212042060,5005025
1773212042070,2345051
1773212042080,-2476665
1773212042090,-4981745
1773212042100,-2853435
1773212042110,1946917
1773212042120,4948563
1773212042130,3376861
1773212042140,-1319559
1773212042150,-4764854
1773212042160,-3783480
1773212042170,738394
1773212042180,4581220
1773212042190,4194878
1773212042200,-81345
1773212042210,-4253372
1773212042220,-4475828
1773212042230,-515067
1773212042240,3929597
1773212042250,4750269
1773212042260,1166325
1773212042270,-3474605
1773212042280,-4885660
1773212042290,-1738259
1773212042300,3033637
1773212042310,5010068
1773212042320,2344409
1773212042330,-2475152
1773212042340,-4985098
1773212042350,-2852159
1773212042360,1943853
1773212042370,4949829
1773212042380,3374090
1773212042390,-1318451
1773212042400,-4767956
1773212042410,-3781919
1773212042420,738134
1773212042430,4586756
1773212042440,4194745
1773212042450,-80573
1773212042460,-4257691
1773212042470,-4474162
1773212042480,-516878
1773212042490,3930529
1773212042500,4746548
1773212042510,1167445
1773212042520,-3474867
1773212042530,-4880167
1773212042540,-1738496
1773212042550,3033647
1773212042560,5002783
1773212042570,2341688
1773212042580,-2477875
1773212042590,-4980060
1773212042600,-2850820
1773212042610,1948628
1773212042620,4949515
1773212042630,3377359
1773212042640,-1321382
1773212042650,-4768722
1773212042660,-3785607
1773212042670,739065
1773212042680,4583705
1773212042690,4197046
1773212042700,-80313
1773212042710,-4254361
1773212042720,-4477077
1773212042730,-515767
1773212042740,3929598
1773212042750,4750331
1773212042760,1165149
1773212042770,-3473918
1773212042780,-4882842
1773212042790,-1736382
1773212042800,3033722
1773212042810,5008350
1773212042820,2342540
1773212042830,-2475899
1773212042840,-4984893
1773212042850,-2850781
1773212042860,1946150
1773212042870,4951284
1773212042880,3374091
1773212042890,-1321006
1773212042900,-4770810
1773212042910,-3781607
1773212042920,737704
1773212042930,4584709
1773212042940,4193357
1773212042950,-78767
1773212042960,-4254311
1773212042970,-4472849
1773212042980,-516402
1773212042990,3932277
1773212043000,4748609
1773212043010,1167406
1773212043020,-3477320
1773212043030,-4883106
1773212043040,-1740904
1773212043050,3033610
1773212043060,5006408
1773212043070,2346450
1773212043080,-2475855
1773212043090,-4982642
1773212043100,-2854204
1773212043110,1946849
1773212043120,4948511
1773212043130,3376957
1773212043140,-1321382
1773212043150,-4767548
1773212043160,-3784708
1773212043170,739095
1773212043180,4583477
1773212043190,4196494
1773212043200,-81651
1773212043210,-4255313
1773212043220,-4477761
1773212043230,-516409
1773212043240,3930033
1773212043250,4752447
1773212043260,1167928
1773212043270,-3474228
1773212043280,-4884874
1773212043290,-1738375
1773212043300,3032362
1773212043310,5007146
1773212043320,2341933
1773212043330,-2475762
1773212043340,-4984111
1773212043350,-2849017
1773212043360,1947326
1773212043370,4951522
1773212043380,3372552
1773212043390,-1322188
1773212043400,-4769853
1773212043410,-3780667
1773212043420,739036
1773212043430,4585556
1773212043440,4192682
1773212043450,-81784
1773212043460,-4258065
1773212043470,-4474332
1773212043480,-516168
1773212043490,3931440
1773212043500,4747181
1773212043510,1166925
1773212043520,-3476512
1773212043530,-4881934
1773212043540,-1739474
1773212043550,3034270
1773212043560,5005201
1773212043570,2344105
1773212043580,-2478091
1773212043590,-4982604
1773212043600,-2852388
1773212043610,1948851
1773212043620,4949657
1773212043630,3376117
1773212043640,-1322962
1773212043650,-4769447
1773212043660,-3785494
1773212043670,739834
1773212043680,4585356
1773212043690,4198895
1773212043700,-80459
1773212043710,-4254879
1773212043720,-4477250
1773212043730,-514607
1773212043740,3931005
1773212043750,4749986
1773212043760,1163632
1773212043770,-3476408
1773212043780,-4884869
1773212043790,-1735819
1773212043800,3036056
1773212043810,5010207
1773212043820,2342342
1773212043830,-2478009
1773212043840,-4985917
1773212043850,-2849766
1773212043860,1948198
1773212043870,4951434
1773212043880,3372946
1773212043890,-1322110
1773212043900,-4771651
1773212043910,-3782241
1773212043920,739289
1773212043930,4586350
1773212043940,4193246
1773212043950,-81485
1773212043960,-4256898
1773212043970,-4473728
1773212043980,-516106
1773212043990,3934015
1773212044000,4750519
1773212044010,1167730
1773212044020,-3477789
1773212044030,-4883166
1773212044040,-1739266
1773212044050,3035494
1773212044060,5006211
1773212044070,2343552
1773212044080,-2479218
1773212044090,-4983002
1773212044100,-2852023
1773212044110,1949261
1773212044120,4950923
1773212044130,3378091
1773212044140,-1322056
1773212044150,-4769849
1773212044160,-3786002
1773212044170,740067
1773212044180,4583101
1773212044190,4195401
1773212044200,-82136
1773212044210,-4254899
1773212044220,-4475890
1773212044230,-514107
1773212044240,3931125
1773212044250,4750460
1773212044260,1163772
1773212044270,-3476564
1773212044280,-4885361
1773212044290,-1736373
1773212044300,3034267
1773212044310,5007768
1773212044320,2341066
1773212044330,-2477908
1773212044340,-4984173
1773212044350,-2846314
1773212044360,1950392
1773212044370,4951996
1773212044380,3370865
1773212044390,-1324689
1773212044400,-4772649
1773212044410,-3782298
1773212044420,739922
1773212044430,4585817
1773212044440,4193513
1773212044450,-80584
1773212044460,-4257721
1773212044470,-4474547
1773212044480,-516004
1773212044490,3934360
1773212044500,4749843
1773212044510,1167313
1773212044520,-3476847
1773212044530,-4882726
1773212044540,-1739125
1773212044550,3035373
1773212044560,5006738
1773212044570,2345312
1773212044580,-2478628
1773212044590,-4983585
1773212044600,-2853008
1773212044610,1949254
1773212044620,4951283
1773212044630,3376410
1773212044640,-1324579
1773212044650,-4770708
1773212044660,-3784049
1773212044670,742341
1773212044680,4585091
1773212044690,4196489
1773212044700,-82900
1773212044710,-4257941
1773212044720,-4479692
1773212044730,-515361
1773212044740,3932332
1773212044750,4753167
1773212044760,1166968
1773212044770,-3474673
1773212044780,-4884869
1773212044790,-1736787
1773212044800,3034075
1773212044810,5008183
1773212044820,2341350
1773212044830,-2477956
1773212044840,-4984800
1773212044850,-2846792
1773212044860,1950902
1773212044870,4952928
1773212044880,3371381
1773212044890,-1325692
1773212044900,-4774098
1773212044910,-3782620
1773212044920,740857
1773212044930,4587502
1773212044940,4193086
1773212044950,-83415
1773212044960,-4260121
1773212044970,-4474468
1773212044980,-514379
1773212044990,3936314
1773212045000,4751595
1773212045010,1167570
1773212045020,-3476603
1773212045030,-4882464
1773212045040,-1738776
1773212045050,3034783
1773212045060,5004400
1773212045070,2342625
1773212045080,-2480255
1773212045090,-4983687
1773212045100,-2851492
1773212045110,1951306
1773212045120,4952978
1773212045130,3377705
1773212045140,-1323293
1773212045150,-4770322
1773212045160,-3786213
1773212045170,740625
1773212045180,4583787
1773212045190,4195735
1773212045200,-82815
1773212045210,-4256985
1773212045220,-4476498
1773212045230,-511102
1773212045240,3934641
1773212045250,4752500
1773212045260,1163761
1773212045270,-3477715
1773212045280,-4886226
1773212045290,-1735743
1773212045300,3036695
1773212045310,5009904
1773212045320,2340273
1773212045330,-2481969
1773212045340,-4989240
1773212045350,-2849345
1773212045360,1951096
1773212045370,4954504
1773212045380,3372038
1773212045390,-1325422
1773212045400,-4773949
1773212045410,-3781468
1773212045420,742170
1773212045430,4588694
1773212045440,4193208
1773212045450,-85276
1773212045460,-4260898
1773212045470,-4473906
1773212045480,-513764
1773212045490,3934886
1773212045500,4748746
1773212045510,1165158
1773212045520,-3478561
1773212045530,-4882486
1773212045540,-1736017
1773212045550,3039741
1773212045560,5008643
1773212045570,2343291
1773212045580,-2481836
1773212045590,-4985147
1773212045600,-2852222
1773212045610,1949715
1773212045620,4950940
1773212045630,3376855
1773212045640,-1322508
1773212045650,-4769455
1773212045660,-3785031
1773212045670,743028
1773212045680,4586131
1773212045690,4195873
1773212045700,-85598
1773212045710,-4259161
1773212045720,-4477753
1773212045730,-514528
1773212045740,3931842
1773212045750,4752177
1773212045760,1164362
1773212045770,-3477437
1773212045780,-4887193
1773212045790,-1736264
1773212045800,3036337
1773212045810,5010361
1773212045820,2341909
1773212045830,-2478281
1773212045840,-4985012
1773212045850,-2847371
1773212045860,1950817
1773212045870,4953066
1773212045880,3371128
1773212045890,-1325873
1773212045900,-4773536
1773212045910,-3781251
1773212045920,741180
1773212045930,4585911
1773212045940,4191193
1773212045950,-83545
1773212045960,-4258047
1773212045970,-4471913
1773212045980,-511891
1773212045990,3936731
1773212046000,4749587
1773212046010,1164031
1773212046020,-3480720
1773212046030,-4883935
1773212046040,-1736992
1773212046050,3038046
1773212046060,5006993
1773212046070,2342838
1773212046080,-2481199
1773212046090,-4984635
1773212046100,-2852319
1773212046110,1950595
1773212046120,4952377
1773212046130,3376765
1773212046140,-1324379
1773212046150,-4771259
1773212046160,-3785207
1773212046170,741048
1773212046180,4583959
1773212046190,4196205
1773212046200,-83294
1773212046210,-4257177
1773212046220,-4477949
1773212046230,-512812
1773212046240,3934791
1773212046250,4753481
1773212046260,1164463
1773212046270,-3479077
1773212046280,-4887548
1773212046290,-1735097
1773212046300,3036922
1773212046310,5010420
1773212046320,2341195
1773212046330,-2479696
1773212046340,-4986721
1773212046350,-2848899
1773212046360,1950565
1773212046370,4954167
1773212046380,3373502
1773212046390,-1323785
1773212046400,-4773240
1773212046410,-3782007
1773212046420,740395
1773212046430,4586624
1773212046440,4193079
1773212046450,-82999
1773212046460,-4258591
1773212046470,-4472933
1773212046480,-512857
1773212046490,3936478
1773212046500,4749448
1773212046510,1164379
1773212046520,-3481836
1773212046530,-4885928
1773212046540,-1737682
1773212046550,3039695
1773212046560,5009975
1773212046570,2343897
1773212046580,-2481319
1773212046590,-4984004
1773212046600,-2850623
1773212046610,1951908
1773212046620,4952341
1773212046630,3375422
1773212046640,-1325790
1773212046650,-4771277
1773212046660,-3784795
1773212046670,743089
1773212046680,4587095
1773212046690,4196383
1773212046700,-85445
1773212046710,-4257477
1773212046720,-4475928
1773212046730,-510903
1773212046740,3934187
1773212046750,4750678
1773212046760,1161097
1773212046770,-3479812
1773212046780,-4886468
1773212046790,-1734559
1773212046800,3036938
1773212046810,5008356
1773212046820,2337826
1773212046830,-2482621
1773212046840,-4986647
1773212046850,-2845231
1773212046860,1953938
1773212046870,4955313
1773212046880,3372122
1773212046890,-1326531
1773212046900,-4774539
1773212046910,-3782416
1773212046920,741710
1773212046930,4589493
1773212046940,4195241
1773212046950,-82128
1773212046960,-4259701
1773212046970,-4474271
1773212046980,-513824
1773212046990,3935187
1773212047000,4749552
1773212047010,1164888
1773212047020,-3479493
1773212047030,-4883874
1773212047040,-1737374
1773212047050,3038622
1773212047060,5009094
1773212047070,2344341
1773212047080,-2480378
1773212047090,-4983829
1773212047100,-2851587
1773212047110,1950201
1773212047120,4950639
1773212047130,3375434
1773212047140,-1325781
1773212047150,-4772295
1773212047160,-3784703
1773212047170,743773
1773212047180,4586970
1773212047190,4196803
1773212047200,-84535
1773212047210,-4258323
1773212047220,-4477667
1773212047230,-512338
1773212047240,3935008
1773212047250,4752445
1773212047260,1162399
1773212047270,-3479301
1773212047280,-4886926
1773212047290,-1735130
1773212047300,3037307
1773212047310,5010410
1773212047320,2339302
1773212047330,-2481412
1773212047340,-4987204
1773212047350,-2848621
1773212047360,1950769
1773212047370,4954164
1773212047380,3372823
1773212047390,-1325583
1773212047400,-4774315
1773212047410,-3781091
1773212047420,743084
1773212047430,4589079
1773212047440,4193985
1773212047450,-83570
1773212047460,-4260169
1773212047470,-4474681
1773212047480,-513424
1773212047490,3935648
1773212047500,4748586
1773212047510,1163588
1773212047520,-3481357
1773212047530,-4884530
1773212047540,-1737089
1773212047550,3038447
1773212047560,5008329
1773212047570,2343071
1773212047580,-2480912
1773212047590,-4983415
1773212047600,-2850663
1773212047610,1950961
1773212047620,4950232
1773212047630,3374756
1773212047640,-1324030
1773212047650,-4768082
1773212047660,-3781206
1773212047670,745109
1773212047680,4586703
1773212047690,4194407
1773212047700,-88049
1773212047710,-4260048
1773212047720,-4476525
1773212047730,-509935
1773212047740,3935283
1773212047750,4750905
1773212047760,1160782
1773212047770,-3480431
1773212047780,-4886762
1773212047790,-1733322
1773212047800,3039582
1773212047810,5012569
1773212047820,2342865
1773212047830,-2478711
1773212047840,-4986449
1773212047850,-2847539
1773212047860,1952003
1773212047870,4953809
1773212047880,3369766
1773212047890,-1328744
1773212047900,-4775670
1773212047910,-3781713
1773212047920,742311
1773212047930,4588767
1773212047940,4194971
1773212047950,-83149
1773212047960,-4259696
1773212047970,-4473467
1773212047980,-512230
1773212047990,3936776
1773212048000,4748300
1773212048010,1161652
1773212048020,-3483089
1773212048030,-4884626
1773212048040,-1734924
1773212048050,3040064
1773212048060,5008520
1773212048070,2342292
1773212048080,-2482518
1773212048090,-4985358
1773212048100,-2850523
1773212048110,1953186
1773212048120,4952382
1773212048130,3375033
1773212048140,-1326061
1773212048150,-4770616
1773212048160,-3782226
1773212048170,744452
1773212048180,4585562
1773212048190,4193571
1773212048200,-87797
1773212048210,-4260251
1773212048220,-4476748
1773212048230,-510440
1773212048240,3935308
1773212048250,4751535
1773212048260,1161142
1773212048270,-3480805
1773212048280,-4888129
1773212048290,-1734873
1773212048300,3039350
1773212048310,5013490
1773212048320,2343000
1773212048330,-2481635
1773212048340,-4989715
1773212048350,-2849264
1773212048360,1952106
1773212048370,4954855
1773212048380,3371697
1773212048390,-1325961
1773212048400,-4773532
1773212048410,-3779855
1773212048420,745311
1773212048430,4590623
1773212048440,4193039
1773212048450,-87177
1773212048460,-4262723
1773212048470,-4473841
1773212048480,-510110
1773212048490,3939034
1773212048500,4750226
1773212048510,1163470
1773212048520,-3482019
1773212048530,-4885281
1773212048540,-1736320
1773212048550,3039247
1773212048560,5007872
1773212048570,2341741
1773212048580,-2483138
1773212048590,-4984804
1773212048600,-2848735
1773212048610,1954366
1773212048620,4952446
1773212048630,3373682
1773212048640,-1328557
1773212048650,-4773615
1773212048660,-3783843
1773212048670,744849
1773212048680,4587287
1773212048690,4195733
1773212048700,-86121
1773212048710,-4258135
1773212048720,-4475124
1773212048730,-509754
1773212048740,3935433
1773212048750,4750737
1773212048760,1160314
1773212048770,-3481535
1773212048780,-4887559
1773212048790,-1732787
1773212048800,3039751
1773212048810,5011166
1773212048820,2339776
1773212048830,-2482099
1773212048840,-4987777
1773212048850,-2846756
1773212048860,1954207
1773212048870,4955854
1773212048880,3372447
1773212048890,-1327382
1773212048900,-4776795
1773212048910,-3782719
1773212048920,744568
1773212048930,4590543
1773212048940,4192660
1773212048950,-87584
1773212048960,-4263511
1773212048970,-4475171
1773212048980,-512415
1773212048990,3938456
1773212049000,4752972
1773212049010,1165196
1773212049020,-3481338
1773212049030,-4886121
1773212049040,-1737978
1773212049050,3039296
1773212049060,5008811
1773212049070,2341838
1773212049080,-2483100
1773212049090,-4985241
1773212049100,-2850003
1773212049110,1952958
1773212049120,4953367
1773212049130,3374825
1773212049140,-1327741
1773212049150,-4773236
1773212049160,-3784111
1773212049170,745281
1773212049180,4587634
1773212049190,4195603
1773212049200,-87117
1773212049210,-4261115
1773212049220,-4477510
1773212049230,-509326
1773212049240,3937937
1773212049250,4753700
1773212049260,1161401
1773212049270,-3481835
1773212049280,-4887630
1773212049290,-1733008
1773212049300,3039101
1773212049310,5010309
1773212049320,2339672
1773212049330,-2482057
1773212049340,-4986779
1773212049350,-2846255
1773212049360,1953545
1773212049370,4955371
1773212049380,3371002
1773212049390,-1328359
1773212049400,-4775596
1773212049410,-3781089
1773212049420,743653
1773212049430,4587831
1773212049440,4191912
1773212049450,-86558
1773212049460,-4262039
1773212049470,-4473800
1773212049480,-510999
1773212049490,3938670
1773212049500,4750522
1773212049510,1162225
1773212049520,-3481814
1773212049530,-4884103
1773212049540,-1734806
1773212049550,3040737
1773212049560,5008528
1773212049570,2341254
1773212049580,-2484670
1773212049590,-4987302
1773212049600,-2850199
1773212049610,1954957
1773212049620,4953941
1773212049630,3373504
1773212049640,-1329628
1773212049650,-4774541
1773212049660,-3783351
1773212049670,747200
1773212049680,4589892
1773212049690,4196589
1773212049700,-87563
1773212049710,-4261653
1773212049720,-4477216
1773212049730,-509238
1773212049740,3936954
1773212049750,4751928
1773212049760,1160551
1773212049770,-3480598
1773212049780,-4886327
1773212049790,-1732123
1773212049800,3041199
1773212049810,5010500
1773212049820,2338344
1773212049830,-2483589
1773212049840,-4988284
1773212049850,-2847159
1773212049860,1953169
1773212049870,4954177
1773212049880,3369229
1773212049890,-1329315
1773212049900,-4774534
1773212049910,-3778477
1773212049920,746576
1773212049930,4589590
1773212049940,4190719
1773212049950,-89075
1773212049960,-4262492
1773212049970,-4472874
1773212049980,-509048
1773212049990,3938879
1773212050000,4749521
1773212050010,1159712
1773212050020,-3484002
1773212050030,-4884520
1773212050040,-1733977
1773212050050,3042242
1773212050060,5010017
1773212050070,2341252
1773212050080,-2484498
1773212050090,-4986069
1773212050100,-2848530
1773212050110,1956290
1773212050120,4954798
1773212050130,3374221
1773212050140,-1327580
1773212050150,-4772663
1773212050160,-3783714
1773212050170,745061
1773212050180,4587834
1773212050190,4195566
1773212050200,-87299
1773212050210,-4261319
1773212050220,-4476812
1773212050230,-508828
1773212050240,3938660
1773212050250,4753344
1773212050260,1160196
1773212050270,-3481260
1773212050280,-4886670
1773212050290,-1732451
1773212050300,3040400
1773212050310,5010460
1773212050320,2337640
1773212050330,-2485237
1773212050340,-4989158
1773212050350,-2846996
1773212050360,1954868
1773212050370,4957208
1773212050380,3372227
1773212050390,-1328967
1773212050400,-4776541
1773212050410,-3781503
1773212050420,745841
1773212050430,4591361
1773212050440,4193128
1773212050450,-87912
1773212050460,-4264257
1773212050470,-4475375
1773212050480,-509289
1773212050490,3940280
1773212050500,4750611
1773212050510,1161869
1773212050520,-3481825
1773212050530,-4883240
1773212050540,-1733783
1773212050550,3040810
1773212050560,5008115
1773212050570,2339664
1773212050580,-2484858
1773212050590,-4985556
1773212050600,-2848015
1773212050610,1954842
1773212050620,4952765
1773212050630,3372385
1773212050640,-1328975
1773212050650,-4772023
1773212050660,-3780715
1773212050670,747841
1773212050680,4589083
1773212050690,4195321
1773212050700,-88195
1773212050710,-4262218
1773212050720,-4478568
1773212050730,-509841
1773212050740,3937259
1773212050750,4752505
1773212050760,1160176
1773212050770,-3482280
1773212050780,-4887226
1773212050790,-1733385
1773212050800,3040406
1773212050810,5010972
1773212050820,2338570
1773212050830,-2483685
1773212050840,-4987544
1773212050850,-2844985
1773212050860,1955550
1773212050870,4955064
1773212050880,3368865
1773212050890,-1331012
1773212050900,-4775916
1773212050910,-3779185
1773212050920,747678
1773212050930,4591764
1773212050940,4193072
1773212050950,-87811
1773212050960,-4263520
1773212050970,-4474292
1773212050980,-508206
1773212050990,3940631
1773212051000,4752031
1773212051010,1161790
1773212051020,-3483832
1773212051030,-4884839
1773212051040,-1733620
1773212051050,3041920
1773212051060,5008991
1773212051070,2339789
1773212051080,-2484762
1773212051090,-4985111
1773212051100,-2846747
1773212051110,1956711
1773212051120,4953993
1773212051130,3371011
1773212051140,-1332385
1773212051150,-4776181
1773212051160,-3783031
1773212051170,748091
1773212051180,4589959
1773212051190,4193898
1773212051200,-88914
1773212051210,-4260240
1773212051220,-4475568
1773212051230,-507826
1773212051240,3937353
1773212051250,4750040
1773212051260,1158005
1773212051270,-3483318
1773212051280,-4885620
1773212051290,-1730059
1773212051300,3042048
1773212051310,5009862
1773212051320,2335946
1773212051330,-2485270
1773212051340,-4987222
1773212051350,-2845144
1773212051360,1956484
1773212051370,4957575
1773212051380,3372169
1773212051390,-1329275
1773212051400,-4776631
1773212051410,-3780926
1773212051420,745132
1773212051430,4589303
1773212051440,4191918
1773212051450,-89162
1773212051460,-4264413
1773212051470,-4474042
1773212051480,-506780
1773212051490,3942076
1773212051500,4751300
1773212051510,1159867
1773212051520,-3485474
1773212051530,-4885016
1773212051540,-1731910
1773212051550,3043732
1773212051560,5010446
1773212051570,2339169
1773212051580,-2486363
1773212051590,-4986376
1773212051600,-2847476
1773212051610,1955674
1773212051620,4952865
1773212051630,3371628
1773212051640,-1330407
1773212051650,-4773526
1773212051660,-3781216
1773212051670,747046
1773212051680,4587236
1773212051690,4192092
1773212051700,-90299
1773212051710,-4262653
1773212051720,-4476148
1773212051730,-505987
1773212051740,3940743
1773212051750,4754032
1773212051760,1160588
1773212051770,-3483616
1773212051780,-4886982
1773212051790,-1730862
1773212051800,3043082
1773212051810,5011796
1773212051820,2337123
1773212051830,-2486619
1773212051840,-4990369
1773212051850,-2846612
1773212051860,1956847
1773212051870,4957632
1773212051880,3372395
1773212051890,-1329384
1773212051900,-4776586
1773212051910,-3781168
1773212051920,746275
1773212051930,4590713
1773212051940,4191828
1773212051950,-89915
1773212051960,-4264022
1773212051970,-4473428
1773212051980,-506136
1773212051990,3940882
1773212052000,4748745
1773212052010,1157853
1773212052020,-3485906
1773212052030,-4884913
1773212052040,-1731988
1773212052050,3043707
1773212052060,5010972
1773212052070,2339728
1773212052080,-2485624
1773212052090,-4986724
1773212052100,-2847302
1773212052110,1957068
1773212052120,4954890
1773212052130,3371915
1773212052140,-1331846
1773212052150,-4776230
1773212052160,-3783442
1773212052170,747100
1773212052180,4589595
1773212052190,4194649
1773212052200,-88268
1773212052210,-4261132
1773212052220,-4474751
1773212052230,-506649
1773212052240,3939250
1773212052250,4751767
1773212052260,1157873
1773212052270,-3484985
1773212052280,-4887677
1773212052290,-1731306
1773212052300,3043052
1773212052310,5010999
1773212052320,2336797
1773212052330,-2486424
1773212052340,-4988950
1773212052350,-2844279
1773212052360,1958604
1773212052370,4957115
1773212052380,3369882
1773212052390,-1332111
1773212052400,-4777790
1773212052410,-3780502
1773212052420,748429
1773212052430,4592218
1773212052440,4190967
1773212052450,-92582
1773212052460,-4266142
1773212052470,-4474928
1773212052480,-507836
1773212052490,3941513
1773212052500,4752320
1773212052510,1161417
1773212052520,-3483832
1773212052530,-4884653
1773212052540,-1730956
1773212052550,3044454
1773212052560,5008706
1773212052570,2335724
1773212052580,-2488427
1773212052590,-4987641
1773212052600,-2846820
1773212052610,1956899
1773212052620,4953545
1773212052630,3370497
1773212052640,-1332019
1773212052650,-4774131
1773212052660,-3779100
1773212052670,750551
1773212052680,4590610
1773212052690,4193229
1773212052700,-89789
1773212052710,-4261692
1773212052720,-4476424
1773212052730,-509766
1773212052740,3936675
1773212052750,4750693
1773212052760,1158895
1773212052770,-3483269
1773212052780,-4885936
1773212052790,-1730462
1773212052800,3043897
1773212052810,5012339
1773212052820,2337939
1773212052830,-2485089
1773212052840,-4987522
1773212052850,-2844471
1773212052860,1957812
1773212052870,4956225
1773212052880,3368590
1773212052890,-1334139
1773212052900,-4778171
1773212052910,-3779878
1773212052920,749783
1773212052930,4593106
1773212052940,4192935
1773212052950,-91376
1773212052960,-4266662
1773212052970,-4475314
1773212052980,-507515
1773212052990,3940696
1773212053000,4751980
1773212053010,1160934
1773212053020,-3483880
1773212053030,-4885434
1773212053040,-1732438
1773212053050,3042914
1773212053060,5009164
1773212053070,2337795
1773212053080,-2487017
1773212053090,-4986833
1773212053100,-2846055
1773212053110,1957904
1773212053120,4956309
1773212053130,3371126
1773212053140,-1332559
1773212053150,-4775506
1773212053160,-3780858
1773212053170,749388
1773212053180,4590983
1773212053190,4194515
1773212053200,-89556
1773212053210,-4262733
1773212053220,-4475672
1773212053230,-508432
1773212053240,3937336
1773212053250,4750066
1773212053260,1157137
1773212053270,-3484346
1773212053280,-4885380
1773212053290,-1728375
1773212053300,3046016
1773212053310,5013379
1773212053320,2338319
1773212053330,-2487926
1773212053340,-4990799
1773212053350,-2846898
1773212053360,1957118
1773212053370,4957097
1773212053380,3370253
1773212053390,-1332187
1773212053400,-4777636
1773212053410,-3780953
1773212053420,748525
1773212053430,4592706
1773212053440,4194565
1773212053450,-88420
1773212053460,-4264506
1773212053470,-4475287
1773212053480,-508171
1773212053490,3939452
1773212053500,4749082
1773212053510,1156758
1773212053520,-3486637
1773212053530,-4885994
1773212053540,-1730688
1773212053550,3045755
1773212053560,5011274
1773212053570,2338906
1773212053580,-2486143
1773212053590,-4987269
1773212053600,-2846055
1773212053610,1957324
1773212053620,4955287
1773212053630,3370921
1773212053640,-1332281
1773212053650,-4776061
1773212053660,-3781696
1773212053670,749360
1773212053680,4591344
1773212053690,4193526
1773212053700,-90074
1773212053710,-4263371
1773212053720,-4476008
1773212053730,-506935
1773212053740,3939799
1773212053750,4752565
1773212053760,1159450
1773212053770,-3484283
1773212053780,-4886946
1773212053790,-1731479
1773212053800,3043823
1773212053810,5010525
1773212053820,2334788
1773212053830,-2488754
1773212053840,-4988416
1773212053850,-2843775
1773212053860,1959111
1773212053870,4956909
1773212053880,3368573
1773212053890,-1334155
1773212053900,-4777311
1773212053910,-3778925
1773212053920,750313
1773212053930,4592101
1773212053940,4191917
1773212053950,-91383
1773212053960,-4264922
1773212053970,-4474558
1773212053980,-507292
1773212053990,3940968
1773212054000,4751018
1773212054010,1158460
1773212054020,-3483921
1773212054030,-4883966
1773212054040,-1730167
1773212054050,3043574
1773212054060,5007153
1773212054070,2334398
1773212054080,-2488252
1773212054090,-4986100
1773212054100,-2842964
1773212054110,1960342
1773212054120,4956452
1773212054130,3369262
1773212054140,-1334825
1773212054150,-4777507
1773212054160,-3780716
1773212054170,749833
1773212054180,4591283
1773212054190,4192542
1773212054200,-92245
1773212054210,-4265050
1773212054220,-4476228
1773212054230,-505983
1773212054240,3941444
1773212054250,4752099
1773212054260,1157423
1773212054270,-3485167
1773212054280,-4885215
1773212054290,-1729695
1773212054300,3043749
1773212054310,5010647
1773212054320,2335790
1773212054330,-2487857
1773212054340,-4988000
1773212054350,-2843590
1773212054360,1959604
1773212054370,4956671
1773212054380,3369148
1773212054390,-1333463
1773212054400,-4776242
1773212054410,-3778452
1773212054420,750839
1773212054430,4592406
1773212054440,4191350
1773212054450,-92896
1773212054460,-4265400
1773212054470,-4473030
1773212054480,-504399
1773212054490,3941631
1773212054500,4748728
1773212054510,1154867
1773212054520,-3486595
1773212054530,-4883877
1773212054540,-1726770
1773212054550,3047211
1773212054560,5010091
1773212054570,2335154
1773212054580,-2488901
1773212054590,-4987168
1773212054600,-2843968
1773212054610,1960054
1773212054620,4957232
1773212054630,3369992
1773212054640,-1333376
1773212054650,-4776084
1773212054660,-3779294
1773212054670,751702
1773212054680,4592099
1773212054690,4191386
1773212054700,-93025
1773212054710,-4264302
1773212054720,-4474673
1773212054730,-506146
1773212054740,3940046
1773212054750,4749700
1773212054760,1156905
1773212054770,-3484515
1773212054780,-4884365
1773212054790,-1728354
1773212054800,3044970
1773212054810,5011241
1773212054820,2336845
1773212054830,-2488347
1773212054840,-4989659
1773212054850,-2845775
1773212054860,1958416
1773212054870,4956070
1773212054880,3369916
1773212054890,-1332352
1773212054900,-4774607
1773212054910,-3775995
1773212054920,751953
1773212054930,4590701
1773212054940,4189361
1773212054950,-93408
1773212054960,-4264312
1773212054970,-4473581
1773212054980,-505864
1773212054990,3939917
1773212055000,4749814
1773212055010,1157340
1773212055020,-3485369
1773212055030,-4884537
1773212055040,-1729346
1773212055050,3044061
1773212055060,5009301
1773212055070,2335397
1773212055080,-2487762
1773212055090,-4986573
1773212055100,-2842261
1773212055110,1960463
1773212055120,4955853
1773212055130,3368054
1773212055140,-1334675
1773212055150,-4776983
1773212055160,-3780060
1773212055170,749971
1773212055180,4590997
1773212055190,4191497
1773212055200,-92048
1773212055210,-4264491
1773212055220,-4474900
1773212055230,-504992
1773212055240,3942229
1773212055250,4751654
1773212055260,1157050
1773212055270,-3487397
1773212055280,-4887722
1773212055290,-1731871
1773212055300,3042812
1773212055310,5010608
1773212055320,2336436
1773212055330,-2486767
1773212055340,-4985113
1773212055350,-2841820
1773212055360,1960926
1773212055370,4956542
1773212055380,3368565
1773212055390,-1335541
1773212055400,-4777759
1773212055410,-3778609
1773212055420,752715
1773212055430,4594310
1773212055440,4192536
1773212055450,-93220
1773212055460,-4264495
1773212055470,-4471843
1773212055480,-502704
1773212055490,3941799
1773212055500,4747940
1773212055510,1152178
1773212055520,-3488509
1773212055530,-4884333
1773212055540,-1726233
1773212055550,3046971
1773212055560,5011026
1773212055570,2335657
1773212055580,-2488510
1773212055590,-4987842
1773212055600,-2844641
1773212055610,1958724
1773212055620,4956136
1773212055630,3369784
1773212055640,-1333354
1773212055650,-4777582
1773212055660,-3781340
1773212055670,748739
1773212055680,4591885
1773212055690,4192753
1773212055700,-91897
1773212055710,-4265054
1773212055720,-4475705
1773212055730,-506563
1773212055740,3942211
1773212055750,4752577
1773212055760,1159697
1773212055770,-3483306
1773212055780,-4883925
1773212055790,-1728980
1773212055800,3044835
1773212055810,5009721
1773212055820,2334667
1773212055830,-2489868
1773212055840,-4988860
1773212055850,-2845714
1773212055860,1957737
1773212055870,4954346
1773212055880,3367919
1773212055890,-1334297
1773212055900,-4776164
1773212055910,-3777039
1773212055920,753237
1773212055930,4592355
1773212055940,4191253
1773212055950,-94949
1773212055960,-4266752
1773212055970,-4474617
1773212055980,-503854
1773212055990,3942207
1773212056000,4750432
1773212056010,1154812
1773212056020,-3486362
1773212056030,-4883839
1773212056040,-1725967
1773212056050,3046083
1773212056060,5009833
1773212056070,2334517
1773212056080,-2488254
1773212056090,-4985775
1773212056100,-2841271
1773212056110,1960478
1773212056120,4956112
1773212056130,3367410
1773212056140,-1335830
1773212056150,-4778597
1773212056160,-3778301
1773212056170,752567
1773212056180,4593585
1773212056190,4192233
1773212056200,-93677
1773212056210,-4266051
1773212056220,-4474348
1773212056230,-505659
1773212056240,3941182
1773212056250,4750006
1773212056260,1156022
1773212056270,-3486775
1773212056280,-4885232
1773212056290,-1728718
1773212056300,3046535
1773212056310,5011189
1773212056320,2334804
1773212056330,-2490908
1773212056340,-4989529
1773212056350,-2843515
1773212056360,1961520
1773212056370,4957753
1773212056380,3370581
1773212056390,-1334722
1773212056400,-4776890
1773212056410,-3778162
1773212056420,752422
1773212056430,4591138
1773212056440,4189117
1773212056450,-96141
1773212056460,-4265853
1773212056470,-4472564
1773212056480,-501722
1773212056490,3943362
1773212056500,4750732
1773212056510,1154275
1773212056520,-3488076
1773212056530,-4886517
1773212056540,-1729017
1773212056550,3044764
1773212056560,5010782
1773212056570,2335791
1773212056580,-2487974
1773212056590,-4987553
1773212056600,-2842823
1773212056610,1959345
1773212056620,4956334
1773212056630,3367732
1773212056640,-1334710
1773212056650,-4776883
1773212056660,-3777611
1773212056670,751577
1773212056680,4592396
1773212056690,4190744
1773212056700,-93888
1773212056710,-4266090
1773212056720,-4474162
1773212056730,-504751
1773212056740,3943243
1773212056750,4751850
1773212056760,1156042
1773212056770,-3488479
1773212056780,-4886383
1773212056790,-1728747
1773212056800,3046884
1773212056810,5009560
1773212056820,2333727
1773212056830,-2491009
1773212056840,-4988815
1773212056850,-2843984
1773212056860,1961211
1773212056870,4957739
1773212056880,3369703
1773212056890,-1334743
1773212056900,-4776729
1773212056910,-3778901
1773212056920,752544
1773212056930,4592522
1773212056940,4190936
1773212056950,-96255
1773212056960,-4266280
1773212056970,-4473351
1773212056980,-501906
1773212056990,3942755
1773212057000,4749886
1773212057010,1152356
1773212057020,-3489228
1773212057030,-4886949
1773212057040,-1726744
1773212057050,3046406
1773212057060,5010483
1773212057070,2334028
1773212057080,-2488574
1773212057090,-4986726
1773212057100,-2840418
1773212057110,1962128
1773212057120,4957312
1773212057130,3367070
1773212057140,-1335961
1773212057150,-4777905
1773212057160,-3776673
1773212057170,753033
1773212057180,4594279
1773212057190,4191779
1773212057200,-93131
1773212057210,-4265398
1773212057220,-4472164
1773212057230,-503056
1773212057240,3942503
1773212057250,4748375
1773212057260,1152946
1773212057270,-3488769
1773212057280,-4884158
1773212057290,-1726595
1773212057300,3048532
1773212057310,5010749
1773212057320,2335277
1773212057330,-2490693
1773212057340,-4990049
1773212057350,-2845939
1773212057360,1960081
1773212057370,4956978
1773212057380,3370234
1773212057390,-1334867
1773212057400,-4776622
1773212057410,-3778555
1773212057420,752132
1773212057430,4590194
1773212057440,4189781
1773212057450,-95274
1773212057460,-4266419
1773212057470,-4474436
1773212057480,-501693
1773212057490,3943159
1773212057500,4751524
1773212057510,1154154
1773212057520,-3487941
1773212057530,-4885356
1773212057540,-1725854
1773212057550,3047642
1773212057560,5010707
1773212057570,2331442
1773212057580,-2491163
1773212057590,-4988523
1773212057600,-2840974
1773212057610,1962359
1773212057620,4958695
1773212057630,3366479
1773212057640,-1338352
1773212057650,-4779540
1773212057660,-3777340
1773212057670,753479
1773212057680,4594396
1773212057690,4190501
1773212057700,-93865
1773212057710,-4266365
1773212057720,-4472287
1773212057730,-503609
1773212057740,3942281
1773212057750,4749867
1773212057760,1155516
1773212057770,-3488319
1773212057780,-4885507
1773212057790,-1728188
1773212057800,3048901
1773212057810,5011354
1773212057820,2334843
1773212057830,-2491640
1773212057840,-4987749
1773212057850,-2841056
1773212057860,1962658
1773212057870,4955825
1773212057880,3366505
1773212057890,-1338712
1773212057900,-4778789
1773212057910,-3778987
1773212057920,754916
1773212057930,4593892
1773212057940,4192035
1773212057950,-94933
1773212057960,-4265269
1773212057970,-4473437
1773212057980,-501409
1773212057990,3942185
1773212058000,4749951
1773212058010,1152123
1773212058020,-3489590
1773212058030,-4886864
1773212058040,-1726034
1773212058050,3048451
1773212058060,5012148
1773212058070,2332852
1773212058080,-2489305
1773212058090,-4988276
1773212058100,-2841371
1773212058110,1960348
1773212058120,4957234
1773212058130,3367937
1773212058140,-1334044
1773212058150,-4777429
1773212058160,-3777124
1773212058170,751913
1773212058180,4591817
1773212058190,4187784
1773212058200,-95789
1773212058210,-4266462
1773212058220,-4469334
1773212058230,-499115
1773212058240,3945634
1773212058250,4750113
1773212058260,1154507
1773212058270,-3489065
1773212058280,-4884311
1773212058290,-1727126
1773212058300,3048094
1773212058310,5009751
1773212058320,2332549
1773212058330,-2493544
1773212058340,-4988932
1773212058350,-2843105
1773212058360,1961658
1773212058370,4956342
1773212058380,3368900
1773212058390,-1336470
1773212058400,-4777139
1773212058410,-3778286
1773212058420,754474
1773212058430,4591969
1773212058440,4190225
1773212058450,-96573
1773212058460,-4266233
1773212058470,-4473823
1773212058480,-500227
1773212058490,3944229
1773212058500,4751466
1773212058510,1152485
1773212058520,-3488410
1773212058530,-4885340
1773212058540,-1724676
1773212058550,3047546
1773212058560,5010385
1773212058570,2331080
1773212058580,-2490990
1773212058590,-4988435
1773212058600,-2839924
1773212058610,1961043
1773212058620,4956910
1773212058630,3366147
1773212058640,-1336759
1773212058650,-4778388
1773212058660,-3775195
1773212058670,754771
1773212058680,4594303
1773212058690,4189281
1773212058700,-96247
1773212058710,-4269171
1773212058720,-4473080
1773212058730,-501667
1773212058740,3946701
1773212058750,4752009
1773212058760,1156064
1773212058770,-3488458
1773212058780,-4885033
1773212058790,-1729154
1773212058800,3046587
1773212058810,5010009
1773212058820,2336317
1773212058830,-2489822
1773212058840,-4988211
1773212058850,-2843630
1773212058860,1962989
1773212058870,4956651
1773212058880,3367565
1773212058890,-1338269
1773212058900,-4776490
1773212058910,-3776270
1773212058920,757974
1773212058930,4595828
1773212058940,4192516
1773212058950,-96655
1773212058960,-4266342
1773212058970,-4471309
1773212058980,-496221
1773212058990,3946411
1773212059000,4752264
1773212059010,1152076
1773212059020,-3489645
1773212059030,-4888608
1773212059040,-1726618
1773212059050,3046724
1773212059060,5010267
1773212059070,2330593
1773212059080,-2491921
1773212059090,-4990123
1773212059100,-2842187
1773212059110,1960250
1773212059120,4955152
1773212059130,3361595
1773212059140,-1341336
1773212059150,-4782795
1773212059160,-3778546
1773212059170,751941
1773212059180,4592710
1773212059190,4187747
1773212059200,-96097
1773212059210,-4265828
1773212059220,-4468568
1773212059230,-499833
1773212059240,3944490
1773212059250,4746864
1773212059260,1151898
1773212059270,-3490803
1773212059280,-4884976
1773212059290,-1725729
1773212059300,3050732
1773212059310,5011912
1773212059320,2334047
1773212059330,-2492884
1773212059340,-4987174
1773212059350,-2840859
1773212059360,1964477
1773212059370,4956417
1773212059380,3368653
1773212059390,-1334975
1773212059400,-4774898
1773212059410,-3776098
1773212059420,755863
1773212059430,4591599
1773212059440,4189530
1773212059450,-96598
1773212059460,-4262746
1773212059470,-4471839
1773212059480,-501923
1773212059490,3940006
1773212059500,4747773
1773212059510,1151327
1773212059520,-3490107
1773212059530,-4888382
1773212059540,-1728042
1773212059550,3044209
1773212059560,5007550
1773212059570,2325991
1773212059580,-2495820
1773212059590,-4990988
1773212059600,-2838145
1773212059610,1965359
1773212059620,4958905
1773212059630,3364767
1773212059640,-1336727
1773212059650,-4777505
1773212059660,-3773769
1773212059670,756089
1773212059680,4595986
1773212059690,4189197
1773212059700,-97744
1773212059710,-4269968
1773212059720,-4473579
1773212059730,-502964
1773212059740,3945638
1773212059750,4749740
1773212059760,1153383
1773212059770,-3490619
1773212059780,-4883866
1773212059790,-1724129
1773212059800,3051792
1773212059810,5012073
1773212059820,2334692
1773212059830,-2492764
1773212059840,-4987403
1773212059850,-2841336
1773212059860,1965223
1773212059870,4956496
1773212059880,3365891
1773212059890,-1339895
1773212059900,-4778025
1773212059910,-3776917
1773212059920,757815
1773212059930,4595160
1773212059940,4191572
1773212059950,-98480
1773212059960,-4267312
1773212059970,-4472706
1773212059980,-497273
1773212059990,3946325
1773212060000,4752012
1773212060010,1153003
1773212060020,-3486040
1773212060030,-4884635
1773212060040,-1722221
1773212060050,3052236
1773212060060,5017435
1773212060070,2334858
1773212060080,-2492169
1773212060090,-4990730
1773212060100,-2840095
1773212060110,1961628
1773212060120,4956313
1773212060130,3363322
1773212060140,-1337115
1773212060150,-4777884
1773212060160,-3773076
1773212060170,756705
1773212060180,4595311
1773212060190,4186576
1773212060200,-101237
1773212060210,-4272630
1773212060220,-4474336
1773212060230,-503612
1773212060240,3942766
1773212060250,4744337
1773212060260,1148234
1773212060270,-3494510
1773212060280,-4887158
1773212060290,-1728243
1773212060300,3047960
1773212060310,5008748
1773212060320,2331249
1773212060330,-2495686
1773212060340,-4988993
1773212060350,-2842255
1773212060360,1965220
1773212060370,4957296
1773212060380,3367407
1773212060390,-1338138
1773212060400,-4776024
1773212060410,-3774955
1773212060420,759411
1773212060430,4596331
1773212060440,4192710
1773212060450,-97209
1773212060460,-4266705
1773212060470,-4472650
1773212060480,-496706
1773212060490,3946840
1773212060500,4751417
1773212060510,1150295
1773212060520,-3490122
1773212060530,-4886465
1773212060540,-1721974
1773212060550,3050779
1773212060560,5012015
1773212060570,2328516
1773212060580,-2495417
1773212060590,-4991437
1773212060600,-2838103
1773212060610,1965502
1773212060620,4958489
1773212060630,3360090
1773212060640,-1344740
1773212060650,-4786061
1773212060660,-3780324
1773212060670,751528
1773212060680,4591361
1773212060690,4181857
1773212060700,-106161
1773212060710,-4276134
1773212060720,-4472766
1773212060730,-497449
1773212060740,3950387
1773212060750,4753048
1773212060760,1156343
1773212060770,-3488072
1773212060780,-4881877
1773212060790,-1724449
1773212060800,3052944
1773212060810,5014147
1773212060820,2337493
1773212060830,-2490422
1773212060840,-4985659
1773212060850,-2839468
1773212060860,1966237
1773212060870,4957483
1773212060880,3368030
1773212060890,-1338747
1773212060900,-4776919
1773212060910,-3775646
1773212060920,759350
1773212060930,4596319
1773212060940,4192310
1773212060950,-99333
1773212060960,-4267484
1773212060970,-4470864
1773212060980,-493906
1773212060990,3947982
1773212061000,4750458
1773212061010,1148560
1773212061020,-3491235
1773212061030,-4887129
1773212061040,-1722236
1773212061050,3051720
1773212061060,5014408
1773212061070,2331124
1773212061080,-2493226
1773212061090,-4991137
1773212061100,-2839584
1773212061110,1963420
1773212061120,4959192
1773212061130,3365466
1773212061140,-1336692
1773212061150,-4778601
1773212061160,-3774103
1773212061170,756954
1773212061180,4596451
1773212061190,4187863
1773212061200,-99189
1773212061210,-4271345
1773212061220,-4472590
1773212061230,-500508
1773212061240,3946140
1773212061250,4748654
1773212061260,1153264
1773212061270,-3490202
1773212061280,-4882766
1773212061290,-1723987
1773212061300,3052208
1773212061310,5010537
1773212061320,2331241
1773212061330,-2496698
1773212061340,-4990706
1773212061350,-2842320
1773212061360,1965259
1773212061370,4956456
1773212061380,3366660
1773212061390,-1340095
1773212061400,-4777120
1773212061410,-3776308
1773212061420,758403
1773212061430,4594838
1773212061440,4190137
1773212061450,-100116
1773212061460,-4267855
1773212061470,-4473206
1773212061480,-498207
1773212061490,3944351
1773212061500,4749552
1773212061510,1147291
1773212061520,-3493487
1773212061530,-4887551
1773212061540,-1722113
1773212061550,3051114
1773212061560,5013651
1773212061570,2329539
1773212061580,-2494548
1773212061590,-4991389
1773212061600,-2837700
1773212061610,1965806
1773212061620,4958487
1773212061630,3361688
1773212061640,-1341760
1773212061650,-4780598
1773212061660,-3772187
1773212061670,759687
1773212061680,4598239
1773212061690,4186944
1773212061700,-101001
1773212061710,-4271447
1773212061720,-4470109
1773212061730,-498223
1773212061740,3946723
1773212061750,4746742
1773212061760,1149179
1773212061770,-3493612
1773212061780,-4884056
1773212061790,-1722811
1773212061800,3053540
1773212061810,5009902
1773212061820,2330115
1773212061830,-2495910
1773212061840,-4987948
1773212061850,-2838875
1773212061860,1967255
1773212061870,4955923
1773212061880,3361442
1773212061890,-1347573
1773212061900,-4782876
1773212061910,-3779195
1773212061920,758999
1773212061930,4597575
1773212061940,4193540
1773212061950,-98569
1773212061960,-4268763
1773212061970,-4473974
1773212061980,-496375
1773212061990,3946994
1773212062000,4751012
1773212062010,1148005
1773212062020,-3491553
1773212062030,-4884494
1773212062040,-1719088
1773212062050,3052622
1773212062060,5012940
1773212062070,2329313
1773212062080,-2494108
1773212062090,-4990997
1773212062100,-2837465
1773212062110,1965356
1773212062120,4959936
1773212062130,3363781
1773212062140,-1340511
1773212062150,-4780387
1773212062160,-3772539
1773212062170,759368
1773212062180,4597749
1773212062190,4187627
1773212062200,-99263
1773212062210,-4271073
1773212062220,-4471069
1773212062230,-498909
1773212062240,3946544
1773212062250,4747514
1773212062260,1149869
1773212062270,-3493778
1773212062280,-4885173
1773212062290,-1725986
1773212062300,3050638
1773212062310,5009396
1773212062320,2330522
1773212062330,-2495075
1773212062340,-4987599
1773212062350,-2839607
1773212062360,1967816
1773212062370,4957251
1773212062380,3364579
1773212062390,-1344205
1773212062400,-4782151
1773212062410,-3780170
1773212062420,756739
1773212062430,4596546
1773212062440,4192618
1773212062450,-99062
1773212062460,-4268148
1773212062470,-4472847
1773212062480,-495228
1773212062490,3947687
1773212062500,4751825
1773212062510,1148173
1773212062520,-3492873
1773212062530,-4886133
1773212062540,-1719467
1773212062550,3053686
1773212062560,5013622
1773212062570,2327666
1773212062580,-2495343
1773212062590,-4989986
1773212062600,-2834372
1773212062610,1968537
1773212062620,4959916
1773212062630,3361492
1773212062640,-1342691
1773212062650,-4780637
1773212062660,-3772034
1773212062670,759267
1773212062680,4597898
1773212062690,4187390
1773212062700,-100683
1773212062710,-4271740
1773212062720,-4469251
1773212062730,-495501
1773212062740,3949435
1773212062750,4747933
1773212062760,1148679
1773212062770,-3494660
1773212062780,-4884608
1773212062790,-1723169
1773212062800,3053665
1773212062810,5010735
1773212062820,2329931
1773212062830,-2497868
1773212062840,-4991284
1773212062850,-2841914
1773212062860,1968454
1773212062870,4959336
1773212062880,3365779
1773212062890,-1343866
1773212062900,-4780836
1773212062910,-3777148
1773212062920,760384
1773212062930,4597411
1773212062940,4191932
1773212062950,-99896
1773212062960,-4268695
1773212062970,-4474011
1773212062980,-499216
1773212062990,3942107
1773212063000,4747914
1773212063010,1147961
1773212063020,-3490870
1773212063030,-4884958
1773212063040,-1720918
1773212063050,3051504
1773212063060,5013462
1773212063070,2331031
1773212063080,-2491070
1773212063090,-4986929
1773212063100,-2835330
1773212063110,1965251
1773212063120,4956796
1773212063130,3360614
1773212063140,-1341391
1773212063150,-4780292
1773212063160,-3771555
1773212063170,761274
1773212063180,4600413
1773212063190,4186896
1773212063200,-102508
1773212063210,-4273259
1773212063220,-4471132
1773212063230,-497409
1773212063240,3947600
1773212063250,4746578
1773212063260,1146985
1773212063270,-3496080
1773212063280,-4884819
1773212063290,-1723129
1773212063300,3052854
1773212063310,5008606
1773212063320,2327441
1773212063330,-2500201
1773212063340,-4991150
1773212063350,-2838948
1773212063360,1970582
1773212063370,4960237
1773212063380,3366538
1773212063390,-1342552
1773212063400,-4778913
1773212063410,-3775849
1773212063420,759992
1773212063430,4595538
1773212063440,4189623
1773212063450,-102672
1773212063460,-4270587
1773212063470,-4472713
1773212063480,-494480
1773212063490,3948450
1773212063500,4751369
1773212063510,1146760
1773212063520,-3493802
1773212063530,-4886811
1773212063540,-1719944
1773212063550,3052311
1773212063560,5010400
1773212063570,2321284
1773212063580,-2504340
1773212063590,-4993230
1773212063600,-2827515
1773212063610,1979996
1773212063620,4967697
1773212063630,3362321
1773212063640,-1347334
1773212063650,-4787421
1773212063660,-3775236
1773212063670,760807
1773212063680,4601144
1773212063690,4188198
1773212063700,-101163
1773212063710,-4272210
1773212063720,-4469083
1773212063730,-495664
1773212063740,3948882
1773212063750,4747652
1773212063760,1148572
1773212063770,-3495216
1773212063780,-4885837
1773212063790,-1723393
1773212063800,3053982
1773212063810,5011421
1773212063820,2330468
1773212063830,-2497720
1773212063840,-4989253
1773212063850,-2839166
1773212063860,1969924
1773212063870,4959986
1773212063880,3365881
1773212063890,-1343045
1773212063900,-4779366
1773212063910,-3775508
1773212063920,760562
1773212063930,4595213
1773212063940,4188653
1773212063950,-103803
1773212063960,-4270826
1773212063970,-4472396
1773212063980,-493555
1773212063990,3948664
1773212064000,4749719
1773212064010,1145964
1773212064020,-3492878
1773212064030,-4885971
1773212064040,-1719022
1773212064050,3053135
1773212064060,5011713
1773212064070,2326434
1773212064080,-2496586
1773212064090,-4991696
1773212064100,-2836607
1773212064110,1967024
1773212064120,4959649
1773212064130,3361480
1773212064140,-1342746
1773212064150,-4781297
1773212064160,-3772374
1773212064170,760549
1773212064180,4598111
1773212064190,4185917
1773212064200,-102399
1773212064210,-4273330
1773212064220,-4470592
1773212064230,-496494
1773212064240,3949570
1773212064250,4747259
1773212064260,1147173
1773212064270,-3495158
1773212064280,-4885721
1773212064290,-1723117
1773212064300,3052361
1773212064310,5009110
1773212064320,2329279
1773212064330,-2496583
1773212064340,-4986284
1773212064350,-2837249
1773212064360,1969393
1773212064370,4958604
1773212064380,3364201
1773212064390,-1344745
1773212064400,-4779611
1773212064410,-3773263
1773212064420,764168
1773212064430,4598571
1773212064440,4190808
1773212064450,-102733
1773212064460,-4271111
1773212064470,-4473218
1773212064480,-494110
1773212064490,3949317
1773212064500,4752190
1773212064510,1147755
1773212064520,-3493792
1773212064530,-4889838
1773212064540,-1724381
1773212064550,3047882
1773212064560,5006764
1773212064570,2321159
1773212064580,-2502721
1773212064590,-4995811
1773212064600,-2835699
1773212064610,1974238
1773212064620,4970278
1773212064630,3371674
1773212064640,-1334490
1773212064650,-4776065
1773212064660,-3769934
1773212064670,760226
1773212064680,4595897
1773212064690,4183664
1773212064700,-103249
1773212064710,-4271857
1773212064720,-4469421
1773212064730,-495952
1773212064740,3949447
1773212064750,4746095
1773212064760,1145220
1773212064770,-3498235
1773212064780,-4886469
1773212064790,-1722921
1773212064800,3052946
1773212064810,5007846
1773212064820,2325988
1773212064830,-2499687
1773212064840,-4988671
1773212064850,-2836154
1773212064860,1972066
1773212064870,4960071
1773212064880,3365428
1773212064890,-1343307
1773212064900,-4779851
1773212064910,-3776090
1773212064920,761325
1773212064930,4596935
1773212064940,4189127
1773212064950,-103676
1773212064960,-4271292
1773212064970,-4473368
1773212064980,-494865
1773212064990,3947154
1773212065000,4749540
1773212065010,1146580
1773212065020,-3493207
1773212065030,-4885526
1773212065040,-1717753
1773212065050,3054225
1773212065060,5011831
1773212065070,2324094
1773212065080,-2499190
1773212065090,-4991184
1773212065100,-2833415
1773212065110,1970617
1773212065120,4960860
1773212065130,3360507
1773212065140,-1344549
1773212065150,-4782339
1773212065160,-3771633
1773212065170,762050
1773212065180,4599390
1773212065190,4186659
1773212065200,-102115
1773212065210,-4272105
1773212065220,-4468454
1773212065230,-494755
1773212065240,3949338
1773212065250,4746655
1773212065260,1146432
1773212065270,-3495860
1773212065280,-4884128
1773212065290,-1721219
1773212065300,3055839
1773212065310,5011493
1773212065320,2327392
1773212065330,-2499345
1773212065340,-4988493
1773212065350,-2835929
1773212065360,1971470
1773212065370,4957317
1773212065380,3361625
1773212065390,-1346323
1773212065400,-4780623
1773212065410,-3774242
1773212065420,763056
1773212065430,4597623
1773212065440,4189693
1773212065450,-103276
1773212065460,-4271585
1773212065470,-4473283
1773212065480,-493331
1773212065490,3948977
1773212065500,4749967
1773212065510,1145751
1773212065520,-3495231
1773212065530,-4887679
1773212065540,-1717866
1773212065550,3055990
1773212065560,5013825
1773212065570,2326758
1773212065580,-2498003
1773212065590,-4991259
1773212065600,-2835023
1773212065610,1969006
1773212065620,4960867
1773212065630,3360972
1773212065640,-1345000
1773212065650,-4783468
1773212065660,-3771762
1773212065670,762564
1773212065680,4598680
1773212065690,4184906
1773212065700,-103721
1773212065710,-4271977
1773212065720,-4468775
1773212065730,-495339
1773212065740,3949414
1773212065750,4747053
1773212065760,1146113
1773212065770,-3497663
1773212065780,-4884607
1773212065790,-1719648
1773212065800,3056058
1773212065810,5009952
1773212065820,2327392
1773212065830,-2498257
1773212065840,-4987435
1773212065850,-2835028
1773212065860,1971762
1773212065870,4958910
1773212065880,3362374
1773212065890,-1347196
1773212065900,-4781186
1773212065910,-3774899
1773212065920,762964
1773212065930,4598812
1773212065940,4189806
1773212065950,-103536
1773212065960,-4270903
1773212065970,-4472034
1773212065980,-493071
1773212065990,3948597
1773212066000,4749422
1773212066010,1145155
1773212066020,-3494484
1773212066030,-4886809
1773212066040,-1719093
1773212066050,3054306
1773212066060,5011318
1773212066070,2323675
1773212066080,-2499489
1773212066090,-4991759
1773212066100,-2833205
1773212066110,1972347
1773212066120,4962276
1773212066130,3360553
1773212066140,-1346904
1773212066150,-4784002
1773212066160,-3770947
1773212066170,763036
1773212066180,4600362
1773212066190,4186316
1773212066200,-104225
1773212066210,-4274183
1773212066220,-4469053
1773212066230,-493596
1773212066240,3950466
1773212066250,4747222
1773212066260,1144839
1773212066270,-3498063
1773212066280,-4884753
1773212066290,-1719432
1773212066300,3057764
1773212066310,5011871
1773212066320,2327319
1773212066330,-2500104
1773212066340,-4988912
1773212066350,-2835606
1773212066360,1972056
1773212066370,4958695
1773212066380,3361782
1773212066390,-1347210
1773212066400,-4780115
1773212066410,-3773675
1773212066420,763339
1773212066430,4596880
1773212066440,4187059
1773212066450,-105117
1773212066460,-4271991
1773212066470,-4472206
1773212066480,-492257
1773212066490,3950252
1773212066500,4750160
1773212066510,1143974
1773212066520,-3495695
1773212066530,-4886549
1773212066540,-1718985
1773212066550,3054248
1773212066560,5012425
1773212066570,2324428
1773212066580,-2499274
1773212066590,-4989707
1773212066600,-2831596
1773212066610,1971445
1773212066620,4960785
1773212066630,3360184
1773212066640,-1346458
1773212066650,-4784131
1773212066660,-3771980
1773212066670,763241
1773212066680,4600166
1773212066690,4186157
1773212066700,-103695
1773212066710,-4272688
1773212066720,-4467936
1773212066730,-493142
1773212066740,3949563
1773212066750,4745415
1773212066760,1144600
1773212066770,-3497583
1773212066780,-4883537
1773212066790,-1718236
1773212066800,3056286
1773212066810,5008820
1773212066820,2324574
1773212066830,-2502323
1773212066840,-4990180
1773212066850,-2836464
1773212066860,1971974
1773212066870,4960761
1773212066880,3364204
1773212066890,-1345441
1773212066900,-4780918
1773212066910,-3773784
1773212066920,764832
1773212066930,4597444
1773212066940,4186764
1773212066950,-105427
1773212066960,-4271508
1773212066970,-4471625
1773212066980,-493076
1773212066990,3948453
1773212067000,4748826
1773212067010,1143140
1773212067020,-3496454
1773212067030,-4885859
1773212067040,-1716030
1773212067050,3056990
1773212067060,5012588
1773212067070,2323137
1773212067080,-2501149
1773212067090,-4992406
1773212067100,-2834033
1773212067110,1971978
1773212067120,4962085
1773212067130,3360394
1773212067140,-1346451
1773212067150,-4784192
1773212067160,-3771801
1773212067170,763724
1773212067180,4601447
1773212067190,4187174
1773212067200,-104000
1773212067210,-4273585
1773212067220,-4469021
1773212067230,-493299
1773212067240,3950284
1773212067250,4745976
1773212067260,1144019
1773212067270,-3497325
1773212067280,-4882473
1773212067290,-1717282
1773212067300,3056607
1773212067310,5009762
1773212067320,2325977
1773212067330,-2501119
1773212067340,-4989795
1773212067350,-2837194
1773212067360,1970633
1773212067370,4959181
1773212067380,3363067
1773212067390,-1345255
1773212067400,-4780382
1773212067410,-3773286
1773212067420,764790
1773212067430,4598810
1773212067440,4189104
1773212067450,-104931
1773212067460,-4272366
1773212067470,-4472712
1773212067480,-493883
1773212067490,3948424
1773212067500,4748881
1773212067510,1143180
1773212067520,-3495505
1773212067530,-4884152
1773212067540,-1714396
1773212067550,3057858
1773212067560,5012102
1773212067570,2321723
1773212067580,-2502388
1773212067590,-4991649
1773212067600,-2832575
1773212067610,1972089
1773212067620,4960617
1773212067630,3358025
1773212067640,-1347164
1773212067650,-4783872
1773212067660,-3771399
1773212067670,764473
1773212067680,4601702
1773212067690,4186854
1773212067700,-105688
1773212067710,-4275281
1773212067720,-4468754
1773212067730,-491620
1773212067740,3952487
1773212067750,4747047
1773212067760,1144568
1773212067770,-3496831
1773212067780,-4882859
1773212067790,-1717789
1773212067800,3056411
1773212067810,5009901
1773212067820,2324728
1773212067830,-2502340
1773212067840,-4988736
1773212067850,-2834219
1773212067860,1973134
1773212067870,4958539
1773212067880,3359568
1773212067890,-1348036
1773212067900,-4780696
1773212067910,-3772430
1773212067920,764857
1773212067930,4597967
1773212067940,4187377
1773212067950,-105383
1773212067960,-4271681
1773212067970,-4471046
1773212067980,-491219
1773212067990,3950388
1773212068000,4750003
1773212068010,1145256
1773212068020,-3494238
1773212068030,-4884905
1773212068040,-1716191
1773212068050,3055944
1773212068060,5011584
1773212068070,2322800
1773212068080,-2502519
1773212068090,-4992635
1773212068100,-2832566
1773212068110,1973975
1773212068120,4962092
1773212068130,3357771
1773212068140,-1348644
1773212068150,-4783997
1773212068160,-3769247
1773212068170,766107
1773212068180,4601161
1773212068190,4185999
1773212068200,-105281
1773212068210,-4274771
1773212068220,-4469113
1773212068230,-491658
1773212068240,3951818
1773212068250,4745509
1773212068260,1142921
1773212068270,-3497608
1773212068280,-4883814
1773212068290,-1717829
1773212068300,3057732
1773212068310,5010268
1773212068320,2325185
1773212068330,-2501788
1773212068340,-4989225
1773212068350,-2833264
1773212068360,1974700
1773212068370,4960465
1773212068380,3361077
1773212068390,-1348387
1773212068400,-4782476
1773212068410,-3773885
1773212068420,764629
1773212068430,4597935
1773212068440,4186841
1773212068450,-107054
1773212068460,-4273002
1773212068470,-4471849
1773212068480,-492413
1773212068490,3950082
1773212068500,4748728
1773212068510,1143270
1773212068520,-3495326
1773212068530,-4884520
1773212068540,-1714763
1773212068550,3056874
1773212068560,5011226
1773212068570,2321926
1773212068580,-2501892
1773212068590,-4991550
1773212068600,-2831467
1773212068610,1974616
1773212068620,4962224
1773212068630,3357992
1773212068640,-1347793
1773212068650,-4783072
1773212068660,-3770973
1773212068670,763799
1773212068680,4600165
1773212068690,4184513
1773212068700,-107438
1773212068710,-4275217
1773212068720,-4468245
1773212068730,-490969
1773212068740,3953936
1773212068750,4748258
1773212068760,1143952
1773212068770,-3498568
1773212068780,-4884302
1773212068790,-1718289
1773212068800,3056369
1773212068810,5009765
1773212068820,2324961
1773212068830,-2501247
1773212068840,-4988546
1773212068850,-2834616
1773212068860,1973089
1773212068870,4959531
1773212068880,3360019
1773212068890,-1348253
1773212068900,-4780761
1773212068910,-3771195
1773212068920,766133
1773212068930,4597510
1773212068940,4185662
1773212068950,-107437
1773212068960,-4272304
1773212068970,-4469937
1773212068980,-488002
1773212068990,3952741
1773212069000,4747939
1773212069010,1139743
1773212069020,-3499094
1773212069030,-4885827
1773212069040,-1714425
1773212069050,3058774
1773212069060,5013191
1773212069070,2322594
1773212069080,-2502187
1773212069090,-4991736
1773212069100,-2831248
1773212069110,1975290
1773212069120,4963924
1773212069130,3359476
1773212069140,-1348504
1773212069150,-4783851
1773212069160,-3769265
1773212069170,766438
1773212069180,4600212
1773212069190,4182628
1773212069200,-108948
1773212069210,-4275275
1773212069220,-4466766
1773212069230,-488915
1773212069240,3952930
1773212069250,4744621
1773212069260,1140537
1773212069270,-3499744
1773212069280,-4882878
1773212069290,-1714977
1773212069300,3059766
1773212069310,5009889
1773212069320,2322539
1773212069330,-2504100
1773212069340,-4989620
1773212069350,-2831373
1773212069360,1976489
1773212069370,4960335
1773212069380,3359217
1773212069390,-1350873
1773212069400,-4782381
1773212069410,-3771167
1773212069420,766996
1773212069430,4599146
1773212069440,4185150
1773212069450,-110139
1773212069460,-4274914
1773212069470,-4470016
1773212069480,-488567
1773212069490,3951509
1773212069500,4749340
1773212069510,1142223
1773212069520,-3497263
1773212069530,-4884354
1773212069540,-1713935
1773212069550,3057918
1773212069560,5012093
1773212069570,2320839
1773212069580,-2504283
1773212069590,-4992611
1773212069600,-2830749
1773212069610,1975835
1773212069620,4963420
1773212069630,3358976
1773212069640,-1349231
1773212069650,-4784114
1773212069660,-3769259
1773212069670,766502
1773212069680,4600700
1773212069690,4183782
1773212069700,-108527
1773212069710,-4276191
1773212069720,-4468141
1773212069730,-489976
1773212069740,3952773
1773212069750,4744377
1773212069760,1140193
1773212069770,-3500667
1773212069780,-4883860
1773212069790,-1714917
1773212069800,3061232
1773212069810,5012465
1773212069820,2323724
1773212069830,-2504647
1773212069840,-4991125
1773212069850,-2833386
1773212069860,1974610
1773212069870,4959503
1773212069880,3359658
1773212069890,-1348558
1773212069900,-4780467
1773212069910,-3771118
1773212069920,767025
1773212069930,4599439
1773212069940,4185278
1773212069950,-110512
1773212069960,-4275123
1773212069970,-4470426
1773212069980,-488074
1773212069990,3952818
1773212070000,4748590
1773212070010,1140891
1773212070020,-3499406
1773212070030,-4886669
1773212070040,-1713665
1773212070050,3060690
1773212070060,5014730
1773212070070,2322446
1773212070080,-2504089
1773212070090,-4993515
1773212070100,-2831228
1773212070110,1975966
1773212070120,4962755
1773212070130,3358524
1773212070140,-1349349
1773212070150,-4784651
1773212070160,-3769629
1773212070170,766535
1773212070180,4601428
1773212070190,4183437
1773212070200,-108448
1773212070210,-4274872
1773212070220,-4466514
1773212070230,-488491
1773212070240,3952117
1773212070250,4743274
1773212070260,1138334
1773212070270,-3500959
1773212070280,-4882305
1773212070290,-1713416
1773212070300,3061374
1773212070310,5010773
1773212070320,2323495
1773212070330,-2502774
1773212070340,-4989482
1773212070350,-2832677
1773212070360,1974805
1773212070370,4959823
1773212070380,3359998
1773212070390,-1350418
1773212070400,-4783330
1773212070410,-3772731
1773212070420,766874
1773212070430,4599952
1773212070440,4185384
1773212070450,-110504
1773212070460,-4275670
1773212070470,-4470533
1773212070480,-488934
1773212070490,3951926
1773212070500,4748258
1773212070510,1140292
1773212070520,-3498227
1773212070530,-4884479
1773212070540,-1712657
1773212070550,3058888
1773212070560,5010892
1773212070570,2320333
1773212070580,-2503800
1773212070590,-4993114
1773212070600,-2831526
1773212070610,1974687
1773212070620,4962685
1773212070630,3359464
1773212070640,-1348337
1773212070650,-4782322
1773212070660,-3767209
1773212070670,768001
1773212070680,4600910
1773212070690,4182313
1773212070700,-110093
1773212070710,-4277358
1773212070720,-4469023
1773212070730,-489257
1773212070740,3954550
1773212070750,4747784
1773212070760,1141980
1773212070770,-3500186
1773212070780,-4883830
1773212070790,-1715361
1773212070800,3061070
1773212070810,5012520
1773212070820,2323421
1773212070830,-2504593
1773212070840,-4991201
1773212070850,-2835179
1773212070860,1973051
1773212070870,4958425
1773212070880,3358818
1773212070890,-1349280
1773212070900,-4781134
1773212070910,-3770176
1773212070920,768577
1773212070930,4599756
1773212070940,4185306
1773212070950,-109395
1773212070960,-4273631
1773212070970,-4469001
1773212070980,-487638
1773212070990,3950798
1773212071000,4745627
1773212071010,1138935
1773212071020,-3497944
1773212071030,-4882513
1773212071040,-1710766
1773212071050,3060675
1773212071060,5012708
1773212071070,2320529
1773212071080,-2503784
1773212071090,-4992626
1773212071100,-2830824
1773212071110,1976569
1773212071120,4963504
1773212071130,3357158
1773212071140,-1352282
1773212071150,-4786543
1773212071160,-3769252
1773212071170,768949
1773212071180,4603384
1773212071190,4183232
1773212071200,-110789
1773212071210,-4277007
1773212071220,-4467305
1773212071230,-487704
1773212071240,3955241
1773212071250,4747079
1773212071260,1140353
1773212071270,-3501160
1773212071280,-4883682
1773212071290,-1714684
1773212071300,3061579
1773212071310,5012043
1773212071320,2322722
1773212071330,-2505232
1773212071340,-4991483
1773212071350,-2833733
1773212071360,1974852
1773212071370,4959526
1773212071380,3359379
1773212071390,-1349592
1773212071400,-4781439
1773212071410,-3768947
1773212071420,769902
1773212071430,4600089
1773212071440,4183521
1773212071450,-113447
1773212071460,-4277826
1773212071470,-4470920
1773212071480,-486995
1773212071490,3953813
1773212071500,4748645
1773212071510,1140816
1773212071520,-3497914
1773212071530,-4884823
1773212071540,-1712783
1773212071550,3059978
1773212071560,5012026
1773212071570,2319745
1773212071580,-2504909
1773212071590,-4992306
1773212071600,-2829972
1773212071610,1976312
1773212071620,4962951
1773212071630,3356805
1773212071640,-1351518
1773212071650,-4785818
1773212071660,-3768410
1773212071670,769578
1773212071680,4602170
1773212071690,4182341
1773212071700,-111175
1773212071710,-4276604
1773212071720,-4465836
1773212071730,-486190
1773212071740,3955051
1773212071750,4745486
1773212071760,1139773
1773212071770,-3500504
1773212071780,-4882088
1773212071790,-1712267
1773212071800,3062860
1773212071810,5012109
1773212071820,2321211
1773212071830,-2506880
1773212071840,-4991347
1773212071850,-2831660
1773212071860,1977123
1773212071870,4960147
1773212071880,3356780
1773212071890,-1354054
1773212071900,-4784260
1773212071910,-3768873
1773212071920,771557
1773212071930,4601320
1773212071940,4184100
1773212071950,-112186
1773212071960,-4275416
1773212071970,-4469291
1773212071980,-486526
1773212071990,3954079
1773212072000,4748696
1773212072010,1139200
1773212072020,-3500878
1773212072030,-4886406
1773212072040,-1712772
1773212072050,3059852
1773212072060,5011556
1773212072070,2320470
1773212072080,-2504193
1773212072090,-4990443
1773212072100,-2829101
1773212072110,1975852
1773212072120,4963038
1773212072130,3356541
1773212072140,-1350944
1773212072150,-4785469
1773212072160,-3767950
1773212072170,769608
1773212072180,4601663
1773212072190,4182915
1773212072200,-110541
1773212072210,-4276649
1773212072220,-4465569
1773212072230,-487122
1773212072240,3954212
1773212072250,4744123
1773212072260,1137173
1773212072270,-3503038
1773212072280,-4884713
1773212072290,-1713656
1773212072300,3061722
1773212072310,5010208
1773212072320,2320709
1773212072330,-2506916
1773212072340,-4988896
1773212072350,-2829139
1773212072360,1978202
1773212072370,4961664
1773212072380,3358689
1773212072390,-1351663
1773212072400,-4781555
1773212072410,-3767053
1773212072420,771499
1773212072430,4599216
1773212072440,4183081
1773212072450,-111260
1773212072460,-4275216
1773212072470,-4469695
1773212072480,-486695
1773212072490,3954532
1773212072500,4748709
1773212072510,1138417
1773212072520,-3500166
1773212072530,-4885768
1773212072540,-1712174
1773212072550,3061041
1773212072560,5012397
1773212072570,2319164
1773212072580,-2506085
1773212072590,-4993520
1773212072600,-2829445
1773212072610,1978866
1773212072620,4964373
1773212072630,3356065
1773212072640,-1352706
1773212072650,-4786214
1773212072660,-3768725
1773212072670,768560
1773212072680,4600452
1773212072690,4179792
1773212072700,-113136
1773212072710,-4277716
1773212072720,-4466141
1773212072730,-485636
1773212072740,3956855
1773212072750,4746818
1773212072760,1139518
1773212072770,-3500898
1773212072780,-4881770
1773212072790,-1712342
1773212072800,3060699
1773212072810,5008119
1773212072820,2318592
1773212072830,-2506595
1773212072840,-4989115
1773212072850,-2829783
1773212072860,1978573
1773212072870,4961864
1773212072880,3357895
1773212072890,-1353080
1773212072900,-4783809
1773212072910,-3770228
1773212072920,770340
1773212072930,4601185
1773212072940,4185281
1773212072950,-111310
1773212072960,-4275774
1773212072970,-4468621
1773212072980,-485381
1773212072990,3954914
1773212073000,4747154
1773212073010,1135286
1773212073020,-3502821
1773212073030,-4886232
1773212073040,-1710568
1773212073050,3062612
1773212073060,5013510
1773212073070,2319378
1773212073080,-2506578
1773212073090,-4993728
1773212073100,-2829205
1773212073110,1978462
1773212073120,4964503
1773212073130,3356777
1773212073140,-1351471
1773212073150,-4784634
1773212073160,-3767023
1773212073170,770940
1773212073180,4602796
1773212073190,4181274
1773212073200,-113886
1773212073210,-4278581
1773212073220,-4464977
1773212073230,-483439
1773212073240,3958098
1773212073250,4745889
1773212073260,1137961
1773212073270,-3502630
1773212073280,-4882985
1773212073290,-1712204
1773212073300,3062192
1773212073310,5009462
1773212073320,2319399
1773212073330,-2507177
1773212073340,-4990682
1773212073350,-2831390
1773212073360,1977315
1773212073370,4959846
1773212073380,3357236
1773212073390,-1352478
1773212073400,-4783616
1773212073410,-3770090
1773212073420,770417
1773212073430,4600178
1773212073440,4182744
1773212073450,-113593
1773212073460,-4274853
1773212073470,-4465950
1773212073480,-482589
1773212073490,3955543
1773212073500,4747148
1773212073510,1136316
1773212073520,-3501004
1773212073530,-4885220
1773212073540,-1711194
1773212073550,3061965
1773212073560,5012817
1773212073570,2318872
1773212073580,-2505437
1773212073590,-4992275
1773212073600,-2829465
1773212073610,1975829
1773212073620,4960858
1773212073630,3355498
1773212073640,-1350626
1773212073650,-4783602
1773212073660,-3767505
1773212073670,769202
1773212073680,4602187
1773212073690,4181339
1773212073700,-112320
1773212073710,-4278036
1773212073720,-4465742
1773212073730,-484757
1773212073740,3956699
1773212073750,4745499
1773212073760,1137016
1773212073770,-3504010
1773212073780,-4883812
1773212073790,-1713034
1773212073800,3061758
1773212073810,5010820
1773212073820,2320784
1773212073830,-2506251
1773212073840,-4989094
1773212073850,-2828179
1773212073860,1980553
1773212073870,4960716
1773212073880,3356270
1773212073890,-1353957
1773212073900,-4782927
1773212073910,-3768249
1773212073920,771363
1773212073930,4599826
1773212073940,4181899
1773212073950,-113947
1773212073960,-4275082
1773212073970,-4467385
1773212073980,-484561
1773212073990,3954629
1773212074000,4748388
1773212074010,1139017
1773212074020,-3499248
1773212074030,-4884004
1773212074040,-1711183
1773212074050,3059236
1773212074060,5010323
1773212074070,2318694
1773212074080,-2504056
1773212074090,-4991349
1773212074100,-2828604
1773212074110,1977909
1773212074120,4962517
1773212074130,3354097
1773212074140,-1352930
1773212074150,-4784925
1773212074160,-3766119
1773212074170,770220
1773212074180,4601702
1773212074190,4179149
1773212074200,-115794
1773212074210,-4280508
1773212074220,-4467019
1773212074230,-484745
1773212074240,3957077
1773212074250,4746746
1773212074260,1139771
1773212074270,-3502001
1773212074280,-4882736
1773212074290,-1712148
1773212074300,3061837
1773212074310,5009637
1773212074320,2317783
1773212074330,-2513833
1773212074340,-4995244
1773212074350,-2824440
1773212074360,1990009
1773212074370,4966665
1773212074380,3356188
1773212074390,-1356634
1773212074400,-4783899
1773212074410,-3766502
1773212074420,775071
1773212074430,4603128
1773212074440,4182508
1773212074450,-116581
1773212074460,-4278650
1773212074470,-4469529
1773212074480,-483267
1773212074490,3955789
1773212074500,4746879
1773212074510,1135978
1773212074520,-3501786
1773212074530,-4885319
1773212074540,-1709927
1773212074550,3062227
1773212074560,5011357
1773212074570,2315505
1773212074580,-2508992
1773212074590,-4994315
1773212074600,-2828976
1773212074610,1979101
1773212074620,4964374
1773212074630,3356215
1773212074640,-1352370
1773212074650,-4784703
1773212074660,-3764632
1773212074670,772245
1773212074680,4604231
1773212074690,4181621
1773212074700,-113791
1773212074710,-4278187
1773212074720,-4465011
1773212074730,-484005
1773212074740,3955638
1773212074750,4742623
1773212074760,1136641
1773212074770,-3502034
1773212074780,-4880789
1773212074790,-1710390
1773212074800,3063534
1773212074810,5010525
1773212074820,2319693
1773212074830,-2507791
1773212074840,-4991668
1773212074850,-2831137
1773212074860,1978109
1773212074870,4960430
1773212074880,3357140
1773212074890,-1353583
1773212074900,-4782203
1773212074910,-3768665
1773212074920,769973
1773212074930,4599499
1773212074940,4183061
1773212074950,-113022
1773212074960,-4275427
1773212074970,-4467044
1773212074980,-482985
1773212074990,3955309
1773212075000,4747298
1773212075010,1135787
1773212075020,-3502230
1773212075030,-4885987
1773212075040,-1710592
1773212075050,3062791
1773212075060,5014118
1773212075070,2318960
1773212075080,-2505666
1773212075090,-4991365
1773212075100,-2826534
1773212075110,1978755
1773212075120,4961679
1773212075130,3352800
1773212075140,-1354800
1773212075150,-4786882
1773212075160,-3767175
1773212075170,771074
1773212075180,4604320
1773212075190,4181074
1773212075200,-112184
1773212075210,-4276496
1773212075220,-4464493
1773212075230,-483888
1773212075240,3956828
1773212075250,4746117
1773212075260,1138855
1773212075270,-3502540
1773212075280,-4883597
1773212075290,-1714515
1773212075300,3059584
1773212075310,5007182
1773212075320,2318803
1773212075330,-2506050
1773212075340,-4988575
1773212075350,-2829881
1773212075360,1978746
1773212075370,4960229
1773212075380,3355299
1773212075390,-1356412
1773212075400,-4784389
1773212075410,-3767497
1773212075420,773707
1773212075430,4601421
1773212075440,4181253
1773212075450,-116228
1773212075460,-4276473
1773212075470,-4465815
1773212075480,-481041
1773212075490,3955959
1773212075500,4745303
1773212075510,1134622
1773212075520,-3501234
1773212075530,-4881771
1773212075540,-1705517
1773212075550,3065193
1773212075560,5013658
1773212075570,2317289
1773212075580,-2506679
1773212075590,-4992341
1773212075600,-2827146
1773212075610,1978407
1773212075620,4962044
1773212075630,3352530
1773212075640,-1358382
1773212075650,-4791526
1773212075660,-3771320
1773212075670,767319
1773212075680,4604105
1773212075690,4186789
1773212075700,-107153
1773212075710,-4276492
1773212075720,-4467123
1773212075730,-485917
1773212075740,3956821
1773212075750,4744830
1773212075760,1135471
1773212075770,-3505693
1773212075780,-4883367
1773212075790,-1710196
1773212075800,3064332
1773212075810,5009149
1773212075820,2316557
1773212075830,-2509430
1773212075840,-4988873
1773212075850,-2825753
1773212075860,1983585
1773212075870,4962664
1773212075880,3356471
1773212075890,-1355672
1773212075900,-4784867
1773212075910,-3769432
1773212075920,771659
1773212075930,4601510
1773212075940,4183976
1773212075950,-113861
1773212075960,-4276662
1773212075970,-4467981
1773212075980,-480774
1773212075990,3957434
1773212076000,4746864
1773212076010,1133893
1773212076020,-3503708
1773212076030,-4884781
1773212076040,-1708262
1773212076050,3063870
1773212076060,5013044
1773212076070,2316337
1773212076080,-2508538
1773212076090,-4992772
1773212076100,-2826170
1773212076110,1980012
1773212076120,4963598
1773212076130,3352646
1773212076140,-1355943
1773212076150,-4785570
1773212076160,-3763371
1773212076170,774612
1773212076180,4604283
1773212076190,4179475
1773212076200,-115710
1773212076210,-4280375
1773212076220,-4465049
1773212076230,-482470
1773212076240,3958487
1773212076250,4745602
1773212076260,1136108
1773212076270,-3504528
1773212076280,-4881856
1773212076290,-1707871
1773212076300,3066984
1773212076310,5009769
1773212076320,2315600
1773212076330,-2511171
1773212076340,-4991408
1773212076350,-2829699
1773212076360,1979407
1773212076370,4959597
1773212076380,3354782
1773212076390,-1354549
1773212076400,-4782312
1773212076410,-3767376
1773212076420,774291
1773212076430,4602885
1773212076440,4183092
1773212076450,-115712
1773212076460,-4277179
1773212076470,-4468123
1773212076480,-482286
1773212076490,3954738
1773212076500,4744487
1773212076510,1132339
1773212076520,-3503442
1773212076530,-4884300
1773212076540,-1707897
1773212076550,3064183
1773212076560,5012740
1773212076570,2315748
1773212076580,-2508458
1773212076590,-4992017
1773212076600,-2825142
1773212076610,1980236
1773212076620,4962761
1773212076630,3351654
1773212076640,-1356420
1773212076650,-4786468
1773212076660,-3765165
1773212076670,772146
1773212076680,4602854
1773212076690,4179483
1773212076700,-114087
1773212076710,-4277550
1773212076720,-4463551
1773212076730,-483971
1773212076740,3955840
1773212076750,4743181
1773212076760,1135613
1773212076770,-3504011
1773212076780,-4881291
1773212076790,-1708795
1773212076800,3065716
1773212076810,5010848
1773212076820,2318414
1773212076830,-2508485
1773212076840,-4988841
1773212076850,-2827506
1773212076860,1981045
1773212076870,4960855
1773212076880,3354293
1773212076890,-1356451
1773212076900,-4782057
1773212076910,-3766192
1773212076920,774280
1773212076930,4600845
1773212076940,4179565
1773212076950,-119466
1773212076960,-4279955
1773212076970,-4467809
1773212076980,-479264
1773212076990,3958615
1773212077000,4746756
1773212077010,1132737
1773212077020,-3503164
1773212077030,-4883626
1773212077040,-1707024
1773212077050,3063097
1773212077060,5010901
1773212077070,2314347
1773212077080,-2510191
1773212077090,-4994099
1773212077100,-2824781
1773212077110,1982778
1773212077120,4964310
1773212077130,3351654
1773212077140,-1356770
1773212077150,-4786658
1773212077160,-3763960
1773212077170,773962
1773212077180,4604394
1773212077190,4179764
1773212077200,-115092
1773212077210,-4278977
1773212077220,-4463536
1773212077230,-481299
1773212077240,3959248
1773212077250,4744595
1773212077260,1135825
1773212077270,-3503415
1773212077280,-4880348
1773212077290,-1707835
1773212077300,3066204
1773212077310,5009634
1773212077320,2315325
1773212077330,-2512013
1773212077340,-4991069
1773212077350,-2828120
1773212077360,1980317
1773212077370,4959482
1773212077380,3353622
1773212077390,-1356608
1773212077400,-4782119
1773212077410,-3764519
1773212077420,776738
1773212077430,4601794
1773212077440,4180722
1773212077450,-118336
1773212077460,-4278542
1773212077470,-4466746
1773212077480,-480813
1773212077490,3956982
1773212077500,4747196
1773212077510,1133569
1773212077520,-3503670
1773212077530,-4884470
1773212077540,-1705563
1773212077550,3065570
1773212077560,5012158
1773212077570,2313677
1773212077580,-2510319
1773212077590,-4993077
1773212077600,-2825302
1773212077610,1980309
1773212077620,4963096
1773212077630,3351298
1773212077640,-1356676
1773212077650,-4784881
1773212077660,-3762821
1773212077670,773649
1773212077680,4603843
1773212077690,4178195
1773212077700,-117388
1773212077710,-4280254
1773212077720,-4462043
1773212077730,-479942
1773212077740,3959062
1773212077750,4743221
1773212077760,1132496
1773212077770,-3507476
1773212077780,-4882901
1773212077790,-1707758
1773212077800,3068323
1773212077810,5011703
1773212077820,2316572
1773212077830,-2511938
1773212077840,-4990246
1773212077850,-2826140
1773212077860,1982771
1773212077870,4962152
1773212077880,3355166
1773212077890,-1357899
1773212077900,-4785643
1773212077910,-3767574
1773212077920,775333
1773212077930,4601919
1773212077940,4181189
1773212077950,-118057
1773212077960,-4277954
1773212077970,-4465306
1773212077980,-478705
1773212077990,3958020
1773212078000,4745400

